name.firstName,name.lastName,age,address.line1,address.line2,address.city,address.state,gender
Rahul,Sharma,32,A-42 Rohini Sector 8,,Delhi,Delhi,male
Priya,Patel,27,B-12 Satellite Road,Near Iscon Temple,Ahmedabad,Gujarat,female
Amit,Singh,35,C-101 Malviya Nagar,,Jaipur,Rajasthan,male
Neha,Gupta,29,D-15 Salt Lake,Sector 5,Kolkata,West Bengal,female
Vijay,Kumar,42,223 Anna Nagar,2nd Street,Chennai,Tamil Nadu,male
Ananya,Reddy,24,Flat 304 Gachibowli Heights,Financial District,Hyderabad,Telangana,female
Rajesh,Trivedi,38,78 MG Road,Near Brigade Road,Bangalore,Karnataka,male
Meera,Joshi,31,Plot 45 Scheme 54,Vijay Nagar,Indore,Madhya Pradesh,female
Sanjay,Mishra,44,B-23 Ashok Vihar,Phase II,Delhi,Delhi,male
Kavita,Verma,26,Flat 12 Andheri West,Near Versova Beach,Mumbai,Maharashtra,female
Vikram,Malhotra,39,E-78 Adarsh Nagar,,Lucknow,Uttar Pradesh,male
Pooja,Gandhi,30,23 Navrangpura,,Ahmedabad,Gujarat,female
Deepak,Chauhan,36,Flat 202 Green Park,Sector 9,Gurgaon,Haryana,male
Sunita,Saxena,28,17 Civil Lines,,Allahabad,Uttar Pradesh,female
Ajay,Yadav,45,56 Shastri Nagar,,Jodhpur,Rajasthan,male
Divya,Tiwari,25,C-45 Vasant Kunj,,Delhi,Delhi,female
Suresh,Nair,41,Flat 504 Palm Beach Road,,Navi Mumbai,Maharashtra,male
Anjali,Menon,29,12 MG Road,,Kochi,Kerala,female
Ramesh,Choudhary,37,23 Model Town,,Chandigarh,Punjab,male
Sarita,Agarwal,32,Flat 302 Alipore Gardens,,Kolkata,West Bengal,female
Gaurav,Khanna,43,B-5 Vaishali Nagar,,Jaipur,Rajasthan,male
Nisha,Kapoor,27,D-12 DLF Phase I,,Gurgaon,Haryana,female
Rakesh,Mehta,46,45 Napean Sea Road,,Mumbai,Maharashtra,male
Asha,Bajaj,33,A-10 Indiranagar,,Bangalore,Karnataka,female
Dinesh,Shah,40,C-24 Bodakdev,,Ahmedabad,Gujarat,male
Kiran,Thakur,29,Flat 101 Koregaon Park,,Pune,Maharashtra,female
Prakash,Ahluwalia,47,78 Connaught Place,,Delhi,Delhi,male
Leela,Tandon,31,54 Boat Club Road,,Chennai,Tamil Nadu,female
Manoj,Bhatia,38,E-56 Gomti Nagar,,Lucknow,Uttar Pradesh,male
Geeta,Chawla,26,B-7 Vijayanagar,,Mysore,Karnataka,female
Ravi,Dutta,42,12 Park Street,,Kolkata,West Bengal,male
Seema,Rawat,30,Flat 203 Sainikpuri,,Hyderabad,Telangana,female
Nitin,Goyal,39,67 Saket,,Delhi,Delhi,male
Reena,Sinha,28,A-34 Hazratganj,,Lucknow,Uttar Pradesh,female
Anil,Chopra,44,B-9 Alkapuri,,Vadodara,Gujarat,male
Sheetal,Desai,32,Flat 402 Pali Hill,,Mumbai,Maharashtra,female
Vivek,Bansal,37,C-56 Model Town,,Ludhiana,Punjab,male
Manju,Rathore,29,45 Race Course Road,,Coimbatore,Tamil Nadu,female
Ashok,Lal,46,D-23 Aundh,,Pune,Maharashtra,male
Savita,Kohli,34,16 Rajpur Road,,Dehradun,Uttarakhand,female
Rohit,Prasad,35,A-563 Rakshak Society,New Pune Road,Pune,Maharashtra,male
Sundar,Pichai,51,88 Jubilee Hills,Road No 5,Hyderabad,Telangana,male
Kalpana,Iyer,27,C-12 Panchvati,Ambawadi,Ahmedabad,Gujarat,female
Vinod,Malik,42,Flat 605 River View Apts,MG Road,Kochi,Kerala,male
Shobha,Hegde,33,44 Malleswaram,3rd Cross,Bangalore,Karnataka,female
Rajiv,Bhatt,39,B-78 Hauz Khas,,Delhi,Delhi,male
Lakshmi,Nambiar,28,17 RA Puram,,Chennai,Tamil Nadu,female
Hari,Swamy,45,Plot 23 ECIL,Near Bus Depot,Hyderabad,Telangana,male
Usha,Garg,31,A-45 Vastrapur,,Ahmedabad,Gujarat,female
Anand,Mukherjee,40,56 Southern Avenue,,Kolkata,West Bengal,male
Shalini,Kaur,26,C-34 East of Kailash,,Delhi,Delhi,female
Mohan,Venkatesh,48,Flat 301 Besant Nagar,,Chennai,Tamil Nadu,male
Jaya,Rao,32,23 Banjara Hills,Road No 12,Hyderabad,Telangana,female
Sunil,Lokhande,41,E-67 Kothrud,,Pune,Maharashtra,male
Rekha,Prakash,30,78 Thiruvanmiyur,,Chennai,Tamil Nadu,female
Praveen,Ranjan,37,B-12 Kalkaji,,Delhi,Delhi,male
Meenakshi,Sundaram,29,45 Adyar,,Chennai,Tamil Nadu,female
Arjun,Mathur,43,Flat 404 Bandra West,,Mumbai,Maharashtra,male
Ritu,Kulkarni,34,23 HSR Layout,Sector 2,Bangalore,Karnataka,female
Srinivas,Iyengar,46,A-78 Velachery,,Chennai,Tamil Nadu,male
Urvashi,Devi,27,C-56 Greater Kailash,,Delhi,Delhi,female
Pankaj,Nadkarni,38,D-12 Vashi,,Navi Mumbai,Maharashtra,male
Anjana,Basu,31,67 Salt Lake,Sector 3,Kolkata,West Bengal,female
Girish,Krishnan,44,Flat 502 JP Nagar,,Bangalore,Karnataka,male
Radha,Seshadri,29,34 T Nagar,,Chennai,Tamil Nadu,female
Vishal,Bhandari,39,B-45 Dwarka,Sector 12,Delhi,Delhi,male
Sujata,Chakraborty,33,56 New Alipore,,Kolkata,West Bengal,female
Ramakrishna,Pillai,47,C-23 Edappally,,Kochi,Kerala,male
Sangeeta,Guha,28,A-10 Salt Lake,Sector 1,Kolkata,West Bengal,female
Kishore,Suri,36,Flat 103 Richmond Town,,Bangalore,Karnataka,male
Kavya,Pai,30,45 Cunningham Road,,Bangalore,Karnataka,female
Dilip,Oberoi,45,D-67 Punjabi Bagh,,Delhi,Delhi,male
Mamta,Srinivasulu,32,78 Ameerpet,,Hyderabad,Telangana,female
Hemant,Kashyap,40,B-23 Mansarovar,,Jaipur,Rajasthan,male
Rani,Venugopal,27,C-45 Pallavaram,,Chennai,Tamil Nadu,female
Gopal,Bhagat,41,Flat 305 Chembur,,Mumbai,Maharashtra,male
Jyoti,Raju,33,12 Marathahalli,,Bangalore,Karnataka,female
Alok,Shastri,39,A-56 Patel Nagar,,Delhi,Delhi,male
Vandana,Mane,28,23 Karve Road,,Pune,Maharashtra,female
Mahesh,Diwan,46,B-78 Powai,,Mumbai,Maharashtra,male
Lalita,Motwani,30,E-34 Malad West,,Mumbai,Maharashtra,female
Arun,Nanda,42,C-12 Noida,Sector 15,Noida,Uttar Pradesh,male
Swati,Chandra,25,Flat 201 Adambakkam,,Chennai,Tamil Nadu,female
Deepak,Deshpande,38,78 Sinhagad Road,,Pune,Maharashtra,male
Vidya,Naik,31,45 Juhu,,Mumbai,Maharashtra,female
Manish,Anand,43,D-56 Kamla Nagar,,Delhi,Delhi,male
Namita,Padhi,29,B-12 Dammaiguda,,Hyderabad,Telangana,female
Govind,Somani,47,A-45 Himayat Nagar,,Hyderabad,Telangana,male
Nandini,Negi,32,67 Malleshwaram,,Bangalore,Karnataka,female
Vineet,Agnihotri,36,Flat 402 Kodambakkam,,Chennai,Tamil Nadu,male
Meghna,Bhattacharya,28,C-34 Jadavpur,,Kolkata,West Bengal,female
Jayant,Arora,44,B-78 Green Park,,Delhi,Delhi,male
Kanchan,Walia,31,56 Koramangala,5th Block,Bangalore,Karnataka,female
Balakrishna,Dave,39,A-23 Maninagar,,Ahmedabad,Gujarat,male
Preethi,Murthy,26,Flat 103 Whitefield,,Bangalore,Karnataka,female
Rajeev,Lamba,41,D-67 Pitampura,,Delhi,Delhi,male
Gayatri,Banerjee,33,78 Ballygunge,,Kolkata,West Bengal,female
Rahul,Sharma,32,A-42 Rohini Sector 8,,Delhi,Delhi,male
Priya,Patel,27,B-12 Satellite Road,Near Iscon Temple,Ahmedabad,Gujarat,female
Amit,Singh,35,C-101 Malviya Nagar,,Jaipur,Rajasthan,male
Neha,Gupta,29,D-15 Salt Lake,Sector 5,Kolkata,West Bengal,female
Vijay,Kumar,42,223 Anna Nagar,2nd Street,Chennai,Tamil Nadu,male
Ananya,Reddy,24,Flat 304 Gachibowli Heights,Financial District,Hyderabad,Telangana,female
Rajesh,Trivedi,38,78 MG Road,Near Brigade Road,Bangalore,Karnataka,male
Meera,Joshi,31,Plot 45 Scheme 54,Vijay Nagar,Indore,Madhya Pradesh,female
Sanjay,Mishra,44,B-23 Ashok Vihar,Phase II,Delhi,Delhi,male
Kavita,Verma,26,Flat 12 Andheri West,Near Versova Beach,Mumbai,Maharashtra,female
Vikram,Malhotra,39,E-78 Adarsh Nagar,,Lucknow,Uttar Pradesh,male
Pooja,Gandhi,30,23 Navrangpura,,Ahmedabad,Gujarat,female
Deepak,Chauhan,36,Flat 202 Green Park,Sector 9,Gurgaon,Haryana,male
Sunita,Saxena,28,17 Civil Lines,,Allahabad,Uttar Pradesh,female
Ajay,Yadav,45,56 Shastri Nagar,,Jodhpur,Rajasthan,male
Divya,Tiwari,25,C-45 Vasant Kunj,,Delhi,Delhi,female
Suresh,Nair,41,Flat 504 Palm Beach Road,,Navi Mumbai,Maharashtra,male
Anjali,Menon,29,12 MG Road,,Kochi,Kerala,female
Ramesh,Choudhary,37,23 Model Town,,Chandigarh,Punjab,male
Sarita,Agarwal,32,Flat 302 Alipore Gardens,,Kolkata,West Bengal,female
Gaurav,Khanna,43,B-5 Vaishali Nagar,,Jaipur,Rajasthan,male
Nisha,Kapoor,27,D-12 DLF Phase I,,Gurgaon,Haryana,female
Rakesh,Mehta,46,45 Napean Sea Road,,Mumbai,Maharashtra,male
Asha,Bajaj,33,A-10 Indiranagar,,Bangalore,Karnataka,female
Dinesh,Shah,40,C-24 Bodakdev,,Ahmedabad,Gujarat,male
Kiran,Thakur,29,Flat 101 Koregaon Park,,Pune,Maharashtra,female
Prakash,Ahluwalia,47,78 Connaught Place,,Delhi,Delhi,male
Leela,Tandon,31,54 Boat Club Road,,Chennai,Tamil Nadu,female
Manoj,Bhatia,38,E-56 Gomti Nagar,,Lucknow,Uttar Pradesh,male
Geeta,Chawla,26,B-7 Vijayanagar,,Mysore,Karnataka,female
Ravi,Dutta,42,12 Park Street,,Kolkata,West Bengal,male
Seema,Rawat,30,Flat 203 Sainikpuri,,Hyderabad,Telangana,female
Nitin,Goyal,39,67 Saket,,Delhi,Delhi,male
Reena,Sinha,28,A-34 Hazratganj,,Lucknow,Uttar Pradesh,female
Anil,Chopra,44,B-9 Alkapuri,,Vadodara,Gujarat,male
Sheetal,Desai,32,Flat 402 Pali Hill,,Mumbai,Maharashtra,female
Vivek,Bansal,37,C-56 Model Town,,Ludhiana,Punjab,male
Manju,Rathore,29,45 Race Course Road,,Coimbatore,Tamil Nadu,female
Ashok,Lal,46,D-23 Aundh,,Pune,Maharashtra,male
Savita,Kohli,34,16 Rajpur Road,,Dehradun,Uttarakhand,female
Rohit,Prasad,35,A-563 Rakshak Society,New Pune Road,Pune,Maharashtra,male
Sundar,Pichai,51,88 Jubilee Hills,Road No 5,Hyderabad,Telangana,male
Kalpana,Iyer,27,C-12 Panchvati,Ambawadi,Ahmedabad,Gujarat,female
Vinod,Malik,42,Flat 605 River View Apts,MG Road,Kochi,Kerala,male
Shobha,Hegde,33,44 Malleswaram,3rd Cross,Bangalore,Karnataka,female
Rajiv,Bhatt,39,B-78 Hauz Khas,,Delhi,Delhi,male
Lakshmi,Nambiar,28,17 RA Puram,,Chennai,Tamil Nadu,female
Hari,Swamy,45,Plot 23 ECIL,Near Bus Depot,Hyderabad,Telangana,male
Usha,Garg,31,A-45 Vastrapur,,Ahmedabad,Gujarat,female
Anand,Mukherjee,40,56 Southern Avenue,,Kolkata,West Bengal,male
Shalini,Kaur,26,C-34 East of Kailash,,Delhi,Delhi,female
Mohan,Venkatesh,48,Flat 301 Besant Nagar,,Chennai,Tamil Nadu,male
Jaya,Rao,32,23 Banjara Hills,Road No 12,Hyderabad,Telangana,female
Sunil,Lokhande,41,E-67 Kothrud,,Pune,Maharashtra,male
Rekha,Prakash,30,78 Thiruvanmiyur,,Chennai,Tamil Nadu,female
Praveen,Ranjan,37,B-12 Kalkaji,,Delhi,Delhi,male
Meenakshi,Sundaram,29,45 Adyar,,Chennai,Tamil Nadu,female
Arjun,Mathur,43,Flat 404 Bandra West,,Mumbai,Maharashtra,male
Ritu,Kulkarni,34,23 HSR Layout,Sector 2,Bangalore,Karnataka,female
Srinivas,Iyengar,46,A-78 Velachery,,Chennai,Tamil Nadu,male
Urvashi,Devi,27,C-56 Greater Kailash,,Delhi,Delhi,female
Pankaj,Nadkarni,38,D-12 Vashi,,Navi Mumbai,Maharashtra,male
Anjana,Basu,31,67 Salt Lake,Sector 3,Kolkata,West Bengal,female
Girish,Krishnan,44,Flat 502 JP Nagar,,Bangalore,Karnataka,male
Radha,Seshadri,29,34 T Nagar,,Chennai,Tamil Nadu,female
Vishal,Bhandari,39,B-45 Dwarka,Sector 12,Delhi,Delhi,male
Sujata,Chakraborty,33,56 New Alipore,,Kolkata,West Bengal,female
Ramakrishna,Pillai,47,C-23 Edappally,,Kochi,Kerala,male
Sangeeta,Guha,28,A-10 Salt Lake,Sector 1,Kolkata,West Bengal,female
Kishore,Suri,36,Flat 103 Richmond Town,,Bangalore,Karnataka,male
Kavya,Pai,30,45 Cunningham Road,,Bangalore,Karnataka,female
Dilip,Oberoi,45,D-67 Punjabi Bagh,,Delhi,Delhi,male
Mamta,Srinivasulu,32,78 Ameerpet,,Hyderabad,Telangana,female
Hemant,Kashyap,40,B-23 Mansarovar,,Jaipur,Rajasthan,male
Rani,Venugopal,27,C-45 Pallavaram,,Chennai,Tamil Nadu,female
Gopal,Bhagat,41,Flat 305 Chembur,,Mumbai,Maharashtra,male
Jyoti,Raju,33,12 Marathahalli,,Bangalore,Karnataka,female
Alok,Shastri,39,A-56 Patel Nagar,,Delhi,Delhi,male
Vandana,Mane,28,23 Karve Road,,Pune,Maharashtra,female
Mahesh,Diwan,46,B-78 Powai,,Mumbai,Maharashtra,male
Lalita,Motwani,30,E-34 Malad West,,Mumbai,Maharashtra,female
Arun,Nanda,42,C-12 Noida,Sector 15,Noida,Uttar Pradesh,male
Swati,Chandra,25,Flat 201 Adambakkam,,Chennai,Tamil Nadu,female
Deepak,Deshpande,38,78 Sinhagad Road,,Pune,Maharashtra,male
Vidya,Naik,31,45 Juhu,,Mumbai,Maharashtra,female
Manish,Anand,43,D-56 Kamla Nagar,,Delhi,Delhi,male
Namita,Padhi,29,B-12 Dammaiguda,,Hyderabad,Telangana,female
Govind,Somani,47,A-45 Himayat Nagar,,Hyderabad,Telangana,male
Nandini,Negi,32,67 Malleshwaram,,Bangalore,Karnataka,female
Vineet,Agnihotri,36,Flat 402 Kodambakkam,,Chennai,Tamil Nadu,male
Meghna,Bhattacharya,28,C-34 Jadavpur,,Kolkata,West Bengal,female
Jayant,Arora,44,B-78 Green Park,,Delhi,Delhi,male
Kanchan,Walia,31,56 Koramangala,5th Block,Bangalore,Karnataka,female
Balakrishna,Dave,39,A-23 Maninagar,,Ahmedabad,Gujarat,male
Preethi,Murthy,26,Flat 103 Whitefield,,Bangalore,Karnataka,female
Rajeev,Lamba,41,D-67 Pitampura,,Delhi,Delhi,male
Gayatri,Banerjee,33,78 Ballygunge,,Kolkata,West Bengal,female
Rahul,Sharma,32,A-42 Rohini Sector 8,,Delhi,Delhi,male
Priya,Patel,27,B-12 Satellite Road,Near Iscon Temple,Ahmedabad,Gujarat,female
Amit,Singh,35,C-101 Malviya Nagar,,Jaipur,Rajasthan,male
Neha,Gupta,29,D-15 Salt Lake,Sector 5,Kolkata,West Bengal,female
Vijay,Kumar,42,223 Anna Nagar,2nd Street,Chennai,Tamil Nadu,male
Ananya,Reddy,24,Flat 304 Gachibowli Heights,Financial District,Hyderabad,Telangana,female
Rajesh,Trivedi,38,78 MG Road,Near Brigade Road,Bangalore,Karnataka,male
Meera,Joshi,31,Plot 45 Scheme 54,Vijay Nagar,Indore,Madhya Pradesh,female
Sanjay,Mishra,44,B-23 Ashok Vihar,Phase II,Delhi,Delhi,male
Kavita,Verma,26,Flat 12 Andheri West,Near Versova Beach,Mumbai,Maharashtra,female
Vikram,Malhotra,39,E-78 Adarsh Nagar,,Lucknow,Uttar Pradesh,male
Pooja,Gandhi,30,23 Navrangpura,,Ahmedabad,Gujarat,female
Deepak,Chauhan,36,Flat 202 Green Park,Sector 9,Gurgaon,Haryana,male
Sunita,Saxena,28,17 Civil Lines,,Allahabad,Uttar Pradesh,female
Ajay,Yadav,45,56 Shastri Nagar,,Jodhpur,Rajasthan,male
Divya,Tiwari,25,C-45 Vasant Kunj,,Delhi,Delhi,female
Suresh,Nair,41,Flat 504 Palm Beach Road,,Navi Mumbai,Maharashtra,male
Anjali,Menon,29,12 MG Road,,Kochi,Kerala,female
Ramesh,Choudhary,37,23 Model Town,,Chandigarh,Punjab,male
Sarita,Agarwal,32,Flat 302 Alipore Gardens,,Kolkata,West Bengal,female
Gaurav,Khanna,43,B-5 Vaishali Nagar,,Jaipur,Rajasthan,male
Nisha,Kapoor,27,D-12 DLF Phase I,,Gurgaon,Haryana,female
Rakesh,Mehta,46,45 Napean Sea Road,,Mumbai,Maharashtra,male
Asha,Bajaj,33,A-10 Indiranagar,,Bangalore,Karnataka,female
Dinesh,Shah,40,C-24 Bodakdev,,Ahmedabad,Gujarat,male
Kiran,Thakur,29,Flat 101 Koregaon Park,,Pune,Maharashtra,female
Prakash,Ahluwalia,47,78 Connaught Place,,Delhi,Delhi,male
Leela,Tandon,31,54 Boat Club Road,,Chennai,Tamil Nadu,female
Manoj,Bhatia,38,E-56 Gomti Nagar,,Lucknow,Uttar Pradesh,male
Geeta,Chawla,26,B-7 Vijayanagar,,Mysore,Karnataka,female
Ravi,Dutta,42,12 Park Street,,Kolkata,West Bengal,male
Seema,Rawat,30,Flat 203 Sainikpuri,,Hyderabad,Telangana,female
Nitin,Goyal,39,67 Saket,,Delhi,Delhi,male
Reena,Sinha,28,A-34 Hazratganj,,Lucknow,Uttar Pradesh,female
Anil,Chopra,44,B-9 Alkapuri,,Vadodara,Gujarat,male
Sheetal,Desai,32,Flat 402 Pali Hill,,Mumbai,Maharashtra,female
Vivek,Bansal,37,C-56 Model Town,,Ludhiana,Punjab,male
Manju,Rathore,29,45 Race Course Road,,Coimbatore,Tamil Nadu,female
Ashok,Lal,46,D-23 Aundh,,Pune,Maharashtra,male
Savita,Kohli,34,16 Rajpur Road,,Dehradun,Uttarakhand,female
Rohit,Prasad,35,A-563 Rakshak Society,New Pune Road,Pune,Maharashtra,male
Sundar,Pichai,51,88 Jubilee Hills,Road No 5,Hyderabad,Telangana,male
Kalpana,Iyer,27,C-12 Panchvati,Ambawadi,Ahmedabad,Gujarat,female
Vinod,Malik,42,Flat 605 River View Apts,MG Road,Kochi,Kerala,male
Shobha,Hegde,33,44 Malleswaram,3rd Cross,Bangalore,Karnataka,female
Rajiv,Bhatt,39,B-78 Hauz Khas,,Delhi,Delhi,male
Lakshmi,Nambiar,28,17 RA Puram,,Chennai,Tamil Nadu,female
Hari,Swamy,45,Plot 23 ECIL,Near Bus Depot,Hyderabad,Telangana,male
Usha,Garg,31,A-45 Vastrapur,,Ahmedabad,Gujarat,female
Anand,Mukherjee,40,56 Southern Avenue,,Kolkata,West Bengal,male
Shalini,Kaur,26,C-34 East of Kailash,,Delhi,Delhi,female
Mohan,Venkatesh,48,Flat 301 Besant Nagar,,Chennai,Tamil Nadu,male
Jaya,Rao,32,23 Banjara Hills,Road No 12,Hyderabad,Telangana,female
Sunil,Lokhande,41,E-67 Kothrud,,Pune,Maharashtra,male
Rekha,Prakash,30,78 Thiruvanmiyur,,Chennai,Tamil Nadu,female
Praveen,Ranjan,37,B-12 Kalkaji,,Delhi,Delhi,male
Meenakshi,Sundaram,29,45 Adyar,,Chennai,Tamil Nadu,female
Arjun,Mathur,43,Flat 404 Bandra West,,Mumbai,Maharashtra,male
Ritu,Kulkarni,34,23 HSR Layout,Sector 2,Bangalore,Karnataka,female
Srinivas,Iyengar,46,A-78 Velachery,,Chennai,Tamil Nadu,male
Urvashi,Devi,27,C-56 Greater Kailash,,Delhi,Delhi,female
Pankaj,Nadkarni,38,D-12 Vashi,,Navi Mumbai,Maharashtra,male
Anjana,Basu,31,67 Salt Lake,Sector 3,Kolkata,West Bengal,female
Girish,Krishnan,44,Flat 502 JP Nagar,,Bangalore,Karnataka,male
Radha,Seshadri,29,34 T Nagar,,Chennai,Tamil Nadu,female
Vishal,Bhandari,39,B-45 Dwarka,Sector 12,Delhi,Delhi,male
Sujata,Chakraborty,33,56 New Alipore,,Kolkata,West Bengal,female
Ramakrishna,Pillai,47,C-23 Edappally,,Kochi,Kerala,male
Sangeeta,Guha,28,A-10 Salt Lake,Sector 1,Kolkata,West Bengal,female
Kishore,Suri,36,Flat 103 Richmond Town,,Bangalore,Karnataka,male
Kavya,Pai,30,45 Cunningham Road,,Bangalore,Karnataka,female
Dilip,Oberoi,45,D-67 Punjabi Bagh,,Delhi,Delhi,male
Mamta,Srinivasulu,32,78 Ameerpet,,Hyderabad,Telangana,female
Hemant,Kashyap,40,B-23 Mansarovar,,Jaipur,Rajasthan,male
Rani,Venugopal,27,C-45 Pallavaram,,Chennai,Tamil Nadu,female
Gopal,Bhagat,41,Flat 305 Chembur,,Mumbai,Maharashtra,male
Jyoti,Raju,33,12 Marathahalli,,Bangalore,Karnataka,female
Alok,Shastri,39,A-56 Patel Nagar,,Delhi,Delhi,male
Vandana,Mane,28,23 Karve Road,,Pune,Maharashtra,female
Mahesh,Diwan,46,B-78 Powai,,Mumbai,Maharashtra,male
Lalita,Motwani,30,E-34 Malad West,,Mumbai,Maharashtra,female
Arun,Nanda,42,C-12 Noida,Sector 15,Noida,Uttar Pradesh,male
Swati,Chandra,25,Flat 201 Adambakkam,,Chennai,Tamil Nadu,female
Deepak,Deshpande,38,78 Sinhagad Road,,Pune,Maharashtra,male
Vidya,Naik,31,45 Juhu,,Mumbai,Maharashtra,female
Manish,Anand,43,D-56 Kamla Nagar,,Delhi,Delhi,male
Namita,Padhi,29,B-12 Dammaiguda,,Hyderabad,Telangana,female
Govind,Somani,47,A-45 Himayat Nagar,,Hyderabad,Telangana,male
Nandini,Negi,32,67 Malleshwaram,,Bangalore,Karnataka,female
Vineet,Agnihotri,36,Flat 402 Kodambakkam,,Chennai,Tamil Nadu,male
Meghna,Bhattacharya,28,C-34 Jadavpur,,Kolkata,West Bengal,female
Jayant,Arora,44,B-78 Green Park,,Delhi,Delhi,male
Kanchan,Walia,31,56 Koramangala,5th Block,Bangalore,Karnataka,female
Balakrishna,Dave,39,A-23 Maninagar,,Ahmedabad,Gujarat,male
Preethi,Murthy,26,Flat 103 Whitefield,,Bangalore,Karnataka,female
Rajeev,Lamba,41,D-67 Pitampura,,Delhi,Delhi,male
Gayatri,Banerjee,33,78 Ballygunge,,Kolkata,West Bengal,female
Rahul,Sharma,32,A-42 Rohini Sector 8,,Delhi,Delhi,male
Priya,Patel,27,B-12 Satellite Road,Near Iscon Temple,Ahmedabad,Gujarat,female
Amit,Singh,35,C-101 Malviya Nagar,,Jaipur,Rajasthan,male
Neha,Gupta,29,D-15 Salt Lake,Sector 5,Kolkata,West Bengal,female
Vijay,Kumar,42,223 Anna Nagar,2nd Street,Chennai,Tamil Nadu,male
Ananya,Reddy,24,Flat 304 Gachibowli Heights,Financial District,Hyderabad,Telangana,female
Rajesh,Trivedi,38,78 MG Road,Near Brigade Road,Bangalore,Karnataka,male
Meera,Joshi,31,Plot 45 Scheme 54,Vijay Nagar,Indore,Madhya Pradesh,female
Sanjay,Mishra,44,B-23 Ashok Vihar,Phase II,Delhi,Delhi,male
Kavita,Verma,26,Flat 12 Andheri West,Near Versova Beach,Mumbai,Maharashtra,female
Vikram,Malhotra,39,E-78 Adarsh Nagar,,Lucknow,Uttar Pradesh,male
Pooja,Gandhi,30,23 Navrangpura,,Ahmedabad,Gujarat,female
Deepak,Chauhan,36,Flat 202 Green Park,Sector 9,Gurgaon,Haryana,male
Sunita,Saxena,28,17 Civil Lines,,Allahabad,Uttar Pradesh,female
Ajay,Yadav,45,56 Shastri Nagar,,Jodhpur,Rajasthan,male
Divya,Tiwari,25,C-45 Vasant Kunj,,Delhi,Delhi,female
Suresh,Nair,41,Flat 504 Palm Beach Road,,Navi Mumbai,Maharashtra,male
Anjali,Menon,29,12 MG Road,,Kochi,Kerala,female
Ramesh,Choudhary,37,23 Model Town,,Chandigarh,Punjab,male
Sarita,Agarwal,32,Flat 302 Alipore Gardens,,Kolkata,West Bengal,female
Gaurav,Khanna,43,B-5 Vaishali Nagar,,Jaipur,Rajasthan,male
Nisha,Kapoor,27,D-12 DLF Phase I,,Gurgaon,Haryana,female
Rakesh,Mehta,46,45 Napean Sea Road,,Mumbai,Maharashtra,male
Asha,Bajaj,33,A-10 Indiranagar,,Bangalore,Karnataka,female
Dinesh,Shah,40,C-24 Bodakdev,,Ahmedabad,Gujarat,male
Kiran,Thakur,29,Flat 101 Koregaon Park,,Pune,Maharashtra,female
Prakash,Ahluwalia,47,78 Connaught Place,,Delhi,Delhi,male
Leela,Tandon,31,54 Boat Club Road,,Chennai,Tamil Nadu,female
Manoj,Bhatia,38,E-56 Gomti Nagar,,Lucknow,Uttar Pradesh,male
Geeta,Chawla,26,B-7 Vijayanagar,,Mysore,Karnataka,female
Ravi,Dutta,42,12 Park Street,,Kolkata,West Bengal,male
Seema,Rawat,30,Flat 203 Sainikpuri,,Hyderabad,Telangana,female
Nitin,Goyal,39,67 Saket,,Delhi,Delhi,male
Reena,Sinha,28,A-34 Hazratganj,,Lucknow,Uttar Pradesh,female
Anil,Chopra,44,B-9 Alkapuri,,Vadodara,Gujarat,male
Sheetal,Desai,32,Flat 402 Pali Hill,,Mumbai,Maharashtra,female
Vivek,Bansal,37,C-56 Model Town,,Ludhiana,Punjab,male
Manju,Rathore,29,45 Race Course Road,,Coimbatore,Tamil Nadu,female
Ashok,Lal,46,D-23 Aundh,,Pune,Maharashtra,male
Savita,Kohli,34,16 Rajpur Road,,Dehradun,Uttarakhand,female
Rohit,Prasad,35,A-563 Rakshak Society,New Pune Road,Pune,Maharashtra,male
Sundar,Pichai,51,88 Jubilee Hills,Road No 5,Hyderabad,Telangana,male
Kalpana,Iyer,27,C-12 Panchvati,Ambawadi,Ahmedabad,Gujarat,female
Vinod,Malik,42,Flat 605 River View Apts,MG Road,Kochi,Kerala,male
Shobha,Hegde,33,44 Malleswaram,3rd Cross,Bangalore,Karnataka,female
Rajiv,Bhatt,39,B-78 Hauz Khas,,Delhi,Delhi,male
Lakshmi,Nambiar,28,17 RA Puram,,Chennai,Tamil Nadu,female
Hari,Swamy,45,Plot 23 ECIL,Near Bus Depot,Hyderabad,Telangana,male
Usha,Garg,31,A-45 Vastrapur,,Ahmedabad,Gujarat,female
Anand,Mukherjee,40,56 Southern Avenue,,Kolkata,West Bengal,male
Shalini,Kaur,26,C-34 East of Kailash,,Delhi,Delhi,female
Mohan,Venkatesh,48,Flat 301 Besant Nagar,,Chennai,Tamil Nadu,male
Jaya,Rao,32,23 Banjara Hills,Road No 12,Hyderabad,Telangana,female
Sunil,Lokhande,41,E-67 Kothrud,,Pune,Maharashtra,male
Rekha,Prakash,30,78 Thiruvanmiyur,,Chennai,Tamil Nadu,female
Praveen,Ranjan,37,B-12 Kalkaji,,Delhi,Delhi,male
Meenakshi,Sundaram,29,45 Adyar,,Chennai,Tamil Nadu,female
Arjun,Mathur,43,Flat 404 Bandra West,,Mumbai,Maharashtra,male
Ritu,Kulkarni,34,23 HSR Layout,Sector 2,Bangalore,Karnataka,female
Srinivas,Iyengar,46,A-78 Velachery,,Chennai,Tamil Nadu,male
Urvashi,Devi,27,C-56 Greater Kailash,,Delhi,Delhi,female
Pankaj,Nadkarni,38,D-12 Vashi,,Navi Mumbai,Maharashtra,male
Anjana,Basu,31,67 Salt Lake,Sector 3,Kolkata,West Bengal,female
Girish,Krishnan,44,Flat 502 JP Nagar,,Bangalore,Karnataka,male
Radha,Seshadri,29,34 T Nagar,,Chennai,Tamil Nadu,female
Vishal,Bhandari,39,B-45 Dwarka,Sector 12,Delhi,Delhi,male
Sujata,Chakraborty,33,56 New Alipore,,Kolkata,West Bengal,female
Ramakrishna,Pillai,47,C-23 Edappally,,Kochi,Kerala,male
Sangeeta,Guha,28,A-10 Salt Lake,Sector 1,Kolkata,West Bengal,female
Kishore,Suri,36,Flat 103 Richmond Town,,Bangalore,Karnataka,male
Kavya,Pai,30,45 Cunningham Road,,Bangalore,Karnataka,female
Dilip,Oberoi,45,D-67 Punjabi Bagh,,Delhi,Delhi,male
Mamta,Srinivasulu,32,78 Ameerpet,,Hyderabad,Telangana,female
Hemant,Kashyap,40,B-23 Mansarovar,,Jaipur,Rajasthan,male
Rani,Venugopal,27,C-45 Pallavaram,,Chennai,Tamil Nadu,female
Gopal,Bhagat,41,Flat 305 Chembur,,Mumbai,Maharashtra,male
Jyoti,Raju,33,12 Marathahalli,,Bangalore,Karnataka,female
Alok,Shastri,39,A-56 Patel Nagar,,Delhi,Delhi,male
Vandana,Mane,28,23 Karve Road,,Pune,Maharashtra,female
Mahesh,Diwan,46,B-78 Powai,,Mumbai,Maharashtra,male
Lalita,Motwani,30,E-34 Malad West,,Mumbai,Maharashtra,female
Arun,Nanda,42,C-12 Noida,Sector 15,Noida,Uttar Pradesh,male
Swati,Chandra,25,Flat 201 Adambakkam,,Chennai,Tamil Nadu,female
Deepak,Deshpande,38,78 Sinhagad Road,,Pune,Maharashtra,male
Vidya,Naik,31,45 Juhu,,Mumbai,Maharashtra,female
Manish,Anand,43,D-56 Kamla Nagar,,Delhi,Delhi,male
Namita,Padhi,29,B-12 Dammaiguda,,Hyderabad,Telangana,female
Govind,Somani,47,A-45 Himayat Nagar,,Hyderabad,Telangana,male
Nandini,Negi,32,67 Malleshwaram,,Bangalore,Karnataka,female
Vineet,Agnihotri,36,Flat 402 Kodambakkam,,Chennai,Tamil Nadu,male
Meghna,Bhattacharya,28,C-34 Jadavpur,,Kolkata,West Bengal,female
Jayant,Arora,44,B-78 Green Park,,Delhi,Delhi,male
Kanchan,Walia,31,56 Koramangala,5th Block,Bangalore,Karnataka,female
Balakrishna,Dave,39,A-23 Maninagar,,Ahmedabad,Gujarat,male
Preethi,Murthy,26,Flat 103 Whitefield,,Bangalore,Karnataka,female
Rajeev,Lamba,41,D-67 Pitampura,,Delhi,Delhi,male
Gayatri,Banerjee,33,78 Ballygunge,,Kolkata,West Bengal,female
Rahul,Sharma,32,A-42 Rohini Sector 8,,Delhi,Delhi,male
Priya,Patel,27,B-12 Satellite Road,Near Iscon Temple,Ahmedabad,Gujarat,female
Amit,Singh,35,C-101 Malviya Nagar,,Jaipur,Rajasthan,male
Neha,Gupta,29,D-15 Salt Lake,Sector 5,Kolkata,West Bengal,female
Vijay,Kumar,42,223 Anna Nagar,2nd Street,Chennai,Tamil Nadu,male
Ananya,Reddy,24,Flat 304 Gachibowli Heights,Financial District,Hyderabad,Telangana,female
Rajesh,Trivedi,38,78 MG Road,Near Brigade Road,Bangalore,Karnataka,male
Meera,Joshi,31,Plot 45 Scheme 54,Vijay Nagar,Indore,Madhya Pradesh,female
Sanjay,Mishra,44,B-23 Ashok Vihar,Phase II,Delhi,Delhi,male
Kavita,Verma,26,Flat 12 Andheri West,Near Versova Beach,Mumbai,Maharashtra,female
Vikram,Malhotra,39,E-78 Adarsh Nagar,,Lucknow,Uttar Pradesh,male
Pooja,Gandhi,30,23 Navrangpura,,Ahmedabad,Gujarat,female
Deepak,Chauhan,36,Flat 202 Green Park,Sector 9,Gurgaon,Haryana,male
Sunita,Saxena,28,17 Civil Lines,,Allahabad,Uttar Pradesh,female
Ajay,Yadav,45,56 Shastri Nagar,,Jodhpur,Rajasthan,male
Divya,Tiwari,25,C-45 Vasant Kunj,,Delhi,Delhi,female
Suresh,Nair,41,Flat 504 Palm Beach Road,,Navi Mumbai,Maharashtra,male
Anjali,Menon,29,12 MG Road,,Kochi,Kerala,female
Ramesh,Choudhary,37,23 Model Town,,Chandigarh,Punjab,male
Sarita,Agarwal,32,Flat 302 Alipore Gardens,,Kolkata,West Bengal,female
Gaurav,Khanna,43,B-5 Vaishali Nagar,,Jaipur,Rajasthan,male
Nisha,Kapoor,27,D-12 DLF Phase I,,Gurgaon,Haryana,female
Rakesh,Mehta,46,45 Napean Sea Road,,Mumbai,Maharashtra,male
Asha,Bajaj,33,A-10 Indiranagar,,Bangalore,Karnataka,female
Dinesh,Shah,40,C-24 Bodakdev,,Ahmedabad,Gujarat,male
Kiran,Thakur,29,Flat 101 Koregaon Park,,Pune,Maharashtra,female
Prakash,Ahluwalia,47,78 Connaught Place,,Delhi,Delhi,male
Leela,Tandon,31,54 Boat Club Road,,Chennai,Tamil Nadu,female
Manoj,Bhatia,38,E-56 Gomti Nagar,,Lucknow,Uttar Pradesh,male
Geeta,Chawla,26,B-7 Vijayanagar,,Mysore,Karnataka,female
Ravi,Dutta,42,12 Park Street,,Kolkata,West Bengal,male
Seema,Rawat,30,Flat 203 Sainikpuri,,Hyderabad,Telangana,female
Nitin,Goyal,39,67 Saket,,Delhi,Delhi,male
Reena,Sinha,28,A-34 Hazratganj,,Lucknow,Uttar Pradesh,female
Anil,Chopra,44,B-9 Alkapuri,,Vadodara,Gujarat,male
Sheetal,Desai,32,Flat 402 Pali Hill,,Mumbai,Maharashtra,female
Vivek,Bansal,37,C-56 Model Town,,Ludhiana,Punjab,male
Manju,Rathore,29,45 Race Course Road,,Coimbatore,Tamil Nadu,female
Ashok,Lal,46,D-23 Aundh,,Pune,Maharashtra,male
Savita,Kohli,34,16 Rajpur Road,,Dehradun,Uttarakhand,female
Rohit,Prasad,35,A-563 Rakshak Society,New Pune Road,Pune,Maharashtra,male
Sundar,Pichai,51,88 Jubilee Hills,Road No 5,Hyderabad,Telangana,male
Kalpana,Iyer,27,C-12 Panchvati,Ambawadi,Ahmedabad,Gujarat,female
Vinod,Malik,42,Flat 605 River View Apts,MG Road,Kochi,Kerala,male
Shobha,Hegde,33,44 Malleswaram,3rd Cross,Bangalore,Karnataka,female
Rajiv,Bhatt,39,B-78 Hauz Khas,,Delhi,Delhi,male
Lakshmi,Nambiar,28,17 RA Puram,,Chennai,Tamil Nadu,female
Hari,Swamy,45,Plot 23 ECIL,Near Bus Depot,Hyderabad,Telangana,male
Usha,Garg,31,A-45 Vastrapur,,Ahmedabad,Gujarat,female
Anand,Mukherjee,40,56 Southern Avenue,,Kolkata,West Bengal,male
Shalini,Kaur,26,C-34 East of Kailash,,Delhi,Delhi,female
Mohan,Venkatesh,48,Flat 301 Besant Nagar,,Chennai,Tamil Nadu,male
Jaya,Rao,32,23 Banjara Hills,Road No 12,Hyderabad,Telangana,female
Sunil,Lokhande,41,E-67 Kothrud,,Pune,Maharashtra,male
Rekha,Prakash,30,78 Thiruvanmiyur,,Chennai,Tamil Nadu,female
Praveen,Ranjan,37,B-12 Kalkaji,,Delhi,Delhi,male
Meenakshi,Sundaram,29,45 Adyar,,Chennai,Tamil Nadu,female
Arjun,Mathur,43,Flat 404 Bandra West,,Mumbai,Maharashtra,male
Ritu,Kulkarni,34,23 HSR Layout,Sector 2,Bangalore,Karnataka,female
Srinivas,Iyengar,46,A-78 Velachery,,Chennai,Tamil Nadu,male
Urvashi,Devi,27,C-56 Greater Kailash,,Delhi,Delhi,female
Pankaj,Nadkarni,38,D-12 Vashi,,Navi Mumbai,Maharashtra,male
Anjana,Basu,31,67 Salt Lake,Sector 3,Kolkata,West Bengal,female
Girish,Krishnan,44,Flat 502 JP Nagar,,Bangalore,Karnataka,male
Radha,Seshadri,29,34 T Nagar,,Chennai,Tamil Nadu,female
Vishal,Bhandari,39,B-45 Dwarka,Sector 12,Delhi,Delhi,male
Sujata,Chakraborty,33,56 New Alipore,,Kolkata,West Bengal,female
Ramakrishna,Pillai,47,C-23 Edappally,,Kochi,Kerala,male
Sangeeta,Guha,28,A-10 Salt Lake,Sector 1,Kolkata,West Bengal,female
Kishore,Suri,36,Flat 103 Richmond Town,,Bangalore,Karnataka,male
Kavya,Pai,30,45 Cunningham Road,,Bangalore,Karnataka,female
Dilip,Oberoi,45,D-67 Punjabi Bagh,,Delhi,Delhi,male
Mamta,Srinivasulu,32,78 Ameerpet,,Hyderabad,Telangana,female
Hemant,Kashyap,40,B-23 Mansarovar,,Jaipur,Rajasthan,male
Rani,Venugopal,27,C-45 Pallavaram,,Chennai,Tamil Nadu,female
Gopal,Bhagat,41,Flat 305 Chembur,,Mumbai,Maharashtra,male
Jyoti,Raju,33,12 Marathahalli,,Bangalore,Karnataka,female
Alok,Shastri,39,A-56 Patel Nagar,,Delhi,Delhi,male
Vandana,Mane,28,23 Karve Road,,Pune,Maharashtra,female
Mahesh,Diwan,46,B-78 Powai,,Mumbai,Maharashtra,male
Lalita,Motwani,30,E-34 Malad West,,Mumbai,Maharashtra,female
Arun,Nanda,42,C-12 Noida,Sector 15,Noida,Uttar Pradesh,male
Swati,Chandra,25,Flat 201 Adambakkam,,Chennai,Tamil Nadu,female
Deepak,Deshpande,38,78 Sinhagad Road,,Pune,Maharashtra,male
Vidya,Naik,31,45 Juhu,,Mumbai,Maharashtra,female
Manish,Anand,43,D-56 Kamla Nagar,,Delhi,Delhi,male
Namita,Padhi,29,B-12 Dammaiguda,,Hyderabad,Telangana,female
Govind,Somani,47,A-45 Himayat Nagar,,Hyderabad,Telangana,male
Nandini,Negi,32,67 Malleshwaram,,Bangalore,Karnataka,female
Vineet,Agnihotri,36,Flat 402 Kodambakkam,,Chennai,Tamil Nadu,male
Meghna,Bhattacharya,28,C-34 Jadavpur,,Kolkata,West Bengal,female
Jayant,Arora,44,B-78 Green Park,,Delhi,Delhi,male
Kanchan,Walia,31,56 Koramangala,5th Block,Bangalore,Karnataka,female
Balakrishna,Dave,39,A-23 Maninagar,,Ahmedabad,Gujarat,male
Preethi,Murthy,26,Flat 103 Whitefield,,Bangalore,Karnataka,female
Rajeev,Lamba,41,D-67 Pitampura,,Delhi,Delhi,male
Gayatri,Banerjee,33,78 Ballygunge,,Kolkata,West Bengal,female